Genre,Title,Revenue,Budget,Rating,Popularity,Vote_Count,Vote_Average
Drama,The Chronicles of Narnia: Prince Caspian,1004558444,185000000,PG,41.04,20254,8.4
Action,The Chronicles of Narnia: Prince Caspian,1004558444,185000000,PG,41.04,20254,8.4
Crime,The Chronicles of Narnia: Prince Caspian,1004558444,185000000,PG,41.04,20254,8.4
Thriller,The Chronicles of Narnia: Prince Caspian,1004558444,185000000,PG,41.04,20254,8.4
Action,Speed Racer,585174222,140000000,PG,31.581,16886,7.6
Science Fiction,Speed Racer,585174222,140000000,PG,31.581,16886,7.6
Adventure,Speed Racer,585174222,140000000,PG,31.581,16886,7.6
Animation,The Mummy: Tomb of the Dragon Emperor,202404009,41677699,PG-13,29.872,1893,7.6
Family,The Mummy: Tomb of the Dragon Emperor,202404009,41677699,PG-13,29.872,1893,7.6
Fantasy,Bolt,393616788,37000000,PG,29.788,7952,6.0
Drama,Bolt,393616788,37000000,PG,29.788,7952,6.0
Romance,Bolt,393616788,37000000,PG,29.788,7952,6.0
Family,The Curious Case of Benjamin Button,603900354,150000000,PG-13,28.353,4104,6.4
Animation,The Curious Case of Benjamin Button,603900354,150000000,PG-13,28.353,4104,6.4
Comedy,The Curious Case of Benjamin Button,603900354,150000000,PG-13,28.353,4104,6.4
Animation,Cloverfield,521311860,180000000,PG-13,28.548000000000002,11568,8.0
Family,Cloverfield,521311860,180000000,PG-13,28.548000000000002,11568,8.0
Science Fiction,Cloverfield,521311860,180000000,PG-13,28.548000000000002,11568,8.0
Adventure,Ballet Shoes,586090727,200000000,PG,22.076999999999998,4745,6.2
Action,Ballet Shoes,586090727,200000000,PG,22.076999999999998,4745,6.2
Thriller,Ballet Shoes,586090727,200000000,PG,22.076999999999998,4745,6.2
Crime,Ballet Shoes,586090727,200000000,PG,22.076999999999998,4745,6.2
Science Fiction,Avatar,163712074,150000000,PG-13,20.352999999999998,6856,6.2
Action,Avatar,163712074,150000000,PG-13,20.352999999999998,6856,6.2
Adventure,Avatar,163712074,150000000,PG-13,20.352999999999998,6856,6.2
Action,Terminator Salvation,0,10000000,PG-13,20.592,1940,6.5
Thriller,Terminator Salvation,0,10000000,PG-13,20.592,1940,6.5
Adventure,Harry Potter and the Half-Blood Prince,631744560,130000000,PG,19.397000000000002,6612,7.1
Animation,Harry Potter and the Half-Blood Prince,631744560,130000000,PG,19.397000000000002,6612,7.1
Family,Harry Potter and the Half-Blood Prince,631744560,130000000,PG,19.397000000000002,6612,7.1
Comedy,Harry Potter and the Half-Blood Prince,631744560,130000000,PG,19.397000000000002,6612,7.1
War,Zombieland,20416563,12500000,R,13.315,3863,7.8
Drama,Zombieland,20416563,12500000,R,13.315,3863,7.8
Adventure,Watchmen,786636033,185000000,R,18.948,4819,5.9
Action,Watchmen,786636033,185000000,R,18.948,4819,5.9
Animation,Inglourious Basterds,0,0,R,17.819000000000003,419,7.1
Family,Inglourious Basterds,0,0,R,17.819000000000003,419,7.1
Adventure,The Princess and the Frog,419665568,225000000,G,20.581999999999997,3852,6.5
Family,The Princess and the Frog,419665568,225000000,G,20.581999999999997,3852,6.5
Fantasy,The Princess and the Frog,419665568,225000000,G,20.581999999999997,3852,6.5
Family,The Twilight Saga: New Moon,93945766,120000000,PG-13,17.025,727,5.8
Action,The Twilight Saga: New Moon,93945766,120000000,PG-13,17.025,727,5.8
Adventure,The Twilight Saga: New Moon,93945766,120000000,PG-13,17.025,727,5.8
Comedy,The Twilight Saga: New Moon,93945766,120000000,PG-13,17.025,727,5.8
Adventure,Up,401128639,145000000,PG,16.964000000000002,2737,5.3
Action,Up,401128639,145000000,PG,16.964000000000002,2737,5.3
Fantasy,Up,401128639,145000000,PG,16.964000000000002,2737,5.3
Animation,Sherlock Holmes,309979994,150000000,PG-13,16.955,3670,6.4
Family,Sherlock Holmes,309979994,150000000,PG-13,16.955,3670,6.4
Adventure,Sherlock Holmes,309979994,150000000,PG-13,16.955,3670,6.4
Comedy,Sherlock Holmes,309979994,150000000,PG-13,16.955,3670,6.4
Fantasy,PokÃ©mon: Arceus and the Jewel of Life,333932083,150000000,TV-Y7,19.936,7263,7.5
Drama,PokÃ©mon: Arceus and the Jewel of Life,333932083,150000000,TV-Y7,19.936,7263,7.5
Thriller,PokÃ©mon: Arceus and the Jewel of Life,333932083,150000000,TV-Y7,19.936,7263,7.5
Mystery,PokÃ©mon: Arceus and the Jewel of Life,333932083,150000000,TV-Y7,19.936,7263,7.5
Romance,PokÃ©mon: Arceus and the Jewel of Life,333932083,150000000,TV-Y7,19.936,7263,7.5
Action,Night at the Museum: Battle of the Smithsonian,170764026,25000000,PG,16.528,4318,6.5
Thriller,Night at the Museum: Battle of the Smithsonian,170764026,25000000,PG,16.528,4318,6.5
Science Fiction,Night at the Museum: Battle of the Smithsonian,170764026,25000000,PG,16.528,4318,6.5
TV Movie,Coraline,0,0,PG,16.274,184,6.4
Drama,Coraline,0,0,PG,16.274,184,6.4
Family,Coraline,0,0,PG,16.274,184,6.4
Action,2012,2787965087,237000000,PG-13,35.279,19721,7.4
Adventure,2012,2787965087,237000000,PG-13,35.279,19721,7.4
Fantasy,2012,2787965087,237000000,PG-13,35.279,19721,7.4
Science Fiction,2012,2787965087,237000000,PG-13,35.279,19721,7.4
Action,Cloudy with a Chance of Meatballs,371353001,200000000,PG,27.543000000000003,3996,5.9
Science Fiction,Cloudy with a Chance of Meatballs,371353001,200000000,PG,27.543000000000003,3996,5.9
Thriller,Cloudy with a Chance of Meatballs,371353001,200000000,PG,27.543000000000003,3996,5.9
Adventure,Angels & Demons,933959197,250000000,PG-13,21.069000000000003,11364,7.6
Fantasy,Angels & Demons,933959197,250000000,PG-13,21.069000000000003,11364,7.6
Comedy,"I Love You, Man",102391540,23600000,R,31.953000000000003,7220,7.2
Horror,"I Love You, Man",102391540,23600000,R,31.953000000000003,7220,7.2
Action,Star Trek,185258983,130000000,PG-13,20.842,5380,7.3
Mystery,Star Trek,185258983,130000000,PG-13,20.842,5380,7.3
Science Fiction,Star Trek,185258983,130000000,PG-13,20.842,5380,7.3
Drama,Race to Witch Mountain,319131050,70000000,PG,23.788,13124,8.1
Action,Race to Witch Mountain,319131050,70000000,PG,23.788,13124,8.1
Thriller,Race to Witch Mountain,319131050,70000000,PG,23.788,13124,8.1
War,Race to Witch Mountain,319131050,70000000,PG,23.788,13124,8.1
Romance,The Hangover,270997378,105000000,R,23.704,2998,7.0
Family,The Hangover,270997378,105000000,R,23.704,2998,7.0
Animation,The Hangover,270997378,105000000,R,23.704,2998,7.0
Adventure,Inception,709827462,50000000,PG-13,21.627,5596,5.8
Fantasy,Inception,709827462,50000000,PG-13,21.627,5596,5.8
Drama,Inception,709827462,50000000,PG-13,21.627,5596,5.8
Romance,Inception,709827462,50000000,PG-13,21.627,5596,5.8
Animation,Harry Potter and the Deathly Hallows: Part 1,735099082,175000000,PG-13,21.388,13158,7.9
Comedy,Harry Potter and the Deathly Hallows: Part 1,735099082,175000000,PG-13,21.388,13158,7.9
Family,Harry Potter and the Deathly Hallows: Part 1,735099082,175000000,PG-13,21.388,13158,7.9
Adventure,Harry Potter and the Deathly Hallows: Part 1,735099082,175000000,PG-13,21.388,13158,7.9
Action,Iron Man 2,524028679,90000000,PG-13,20.846,9575,7.2
Adventure,Iron Man 2,524028679,90000000,PG-13,20.846,9575,7.2
Crime,Iron Man 2,524028679,90000000,PG-13,20.846,9575,7.2
Mystery,Iron Man 2,524028679,90000000,PG-13,20.846,9575,7.2
Animation,Percy Jackson & the Olympians: The Lightning Thief,50673078,0,,20.3,103,7.0
Family,Percy Jackson & the Olympians: The Lightning Thief,50673078,0,,20.3,103,7.0
Adventure,Alice in Wonderland,413106170,150000000,PG,22.726,4375,6.0
Fantasy,Alice in Wonderland,413106170,150000000,PG,22.726,4375,6.0
Action,Alice in Wonderland,413106170,150000000,PG,22.726,4375,6.0
Comedy,Alice in Wonderland,413106170,150000000,PG,22.726,4375,6.0
Family,Alice in Wonderland,413106170,150000000,PG,22.726,4375,6.0
Animation,Tangled,124596398,60000000,PG,23.693,3396,7.6
Family,Tangled,124596398,60000000,PG,23.693,3396,7.6
Action,Despicable Me,769653595,200000000,PG,20.281,8067,5.7
Adventure,Despicable Me,769653595,200000000,PG,20.281,8067,5.7
Science Fiction,Despicable Me,769653595,200000000,PG,20.281,8067,5.7
Animation,Black Swan,242988466,100000000,R,19.364,3548,6.5
Comedy,Black Swan,242988466,100000000,R,19.364,3548,6.5
Family,Black Swan,242988466,100000000,R,19.364,3548,6.5
Thriller,Toy Story 3,356613439,150000000,G,18.279,4203,6.6
Mystery,Toy Story 3,356613439,150000000,G,18.279,4203,6.6
Comedy,The King's Speech,91636986,41000000,R,18.070999999999998,973,6.5
Science Fiction,How to Train Your Dragon,385680446,150000000,PG,17.499000000000002,6722,7.4
Action,How to Train Your Dragon,385680446,150000000,PG,17.499000000000002,6722,7.4
Adventure,How to Train Your Dragon,385680446,150000000,PG,17.499000000000002,6722,7.4
Adventure,The Social Network,106303988,50000000,PG-13,17.379,950,5.6
Family,The Social Network,106303988,50000000,PG-13,17.379,950,5.6
Fantasy,The Social Network,106303988,50000000,PG-13,17.379,950,5.6
Science Fiction,The Social Network,106303988,50000000,PG-13,17.379,950,5.6
Thriller,The Social Network,106303988,50000000,PG-13,17.379,950,5.6
Action,The Social Network,106303988,50000000,PG-13,17.379,950,5.6
Comedy,Shutter Island,459270619,35000000,R,15.305,11060,7.3
Adventure,The Expendables,226497209,95000000,R,27.531,4615,6.1
Fantasy,The Expendables,226497209,95000000,R,27.531,4615,6.1
Family,The Expendables,226497209,95000000,R,27.531,4615,6.1
Family,Clash of the Titans,1025467110,200000000,PG-13,24.956,9355,6.6
Fantasy,Clash of the Titans,1025467110,200000000,PG-13,24.956,9355,6.6
Adventure,Clash of the Titans,1025467110,200000000,PG-13,24.956,9355,6.6
Animation,The Twilight Saga: Eclipse,591794936,260000000,PG-13,22.980999999999998,6949,7.5
Family,The Twilight Saga: Eclipse,591794936,260000000,PG-13,22.980999999999998,6949,7.5
Animation,Megamind,543513985,69000000,PG,22.828000000000003,10599,7.2
Family,Megamind,543513985,69000000,PG,22.828000000000003,10599,7.2
Comedy,Megamind,543513985,69000000,PG,22.828000000000003,10599,7.2
Drama,Morning Glory,327803731,13000000,PG-13,22.035999999999998,8946,7.6
Thriller,Morning Glory,327803731,13000000,PG-13,22.035999999999998,8946,7.6
Horror,Morning Glory,327803731,13000000,PG-13,22.035999999999998,8946,7.6
Animation,Kick-Ass,1066969703,200000000,R,21.168000000000003,9267,7.8
Family,Kick-Ass,1066969703,200000000,R,21.168000000000003,9267,7.8
Comedy,Kick-Ass,1066969703,200000000,R,21.168000000000003,9267,7.8
Drama,The Tourist,414211549,15000000,PG-13,28.581999999999997,5378,7.7
History,The Tourist,414211549,15000000,PG-13,28.581999999999997,5378,7.7
Fantasy,23-F: la pelÃ­cula,494878759,165000000,,20.259,8206,7.7
Adventure,23-F: la pelÃ­cula,494878759,165000000,,20.259,8206,7.7
Animation,23-F: la pelÃ­cula,494878759,165000000,,20.259,8206,7.7
Family,23-F: la pelÃ­cula,494878759,165000000,,20.259,8206,7.7
Drama,Harry Potter and the Deathly Hallows: Part 2,224920315,40000000,PG-13,19.22,6653,7.2
Drama,Thor,294804195,80000000,PG-13,22.279,13755,8.1
Thriller,Thor,294804195,80000000,PG-13,22.279,13755,8.1
Mystery,Thor,294804195,80000000,PG-13,22.279,13755,8.1
Thriller,Pirates of the Caribbean: On Stranger Tides,274470394,80000000,PG-13,18.482,4919,6.1
Adventure,Pirates of the Caribbean: On Stranger Tides,274470394,80000000,PG-13,18.482,4919,6.1
Action,Pirates of the Caribbean: On Stranger Tides,274470394,80000000,PG-13,18.482,4919,6.1
Adventure,Drive,232713139,125000000,R,15.68,3941,5.7
Fantasy,Drive,232713139,125000000,R,15.68,3941,5.7
Action,Drive,232713139,125000000,R,15.68,3941,5.7
Adventure,Drifters,698491347,68000000,TV-MA,17.274,5316,6.1
Fantasy,Drifters,698491347,68000000,TV-MA,17.274,5316,6.1
Drama,Drifters,698491347,68000000,TV-MA,17.274,5316,6.1
Romance,Drifters,698491347,68000000,TV-MA,17.274,5316,6.1
Animation,Sherlock Holmes: A Game of Shadows,321885765,130000000,PG-13,16.965999999999998,3948,6.8
Action,Sherlock Holmes: A Game of Shadows,321885765,130000000,PG-13,16.965999999999998,3948,6.8
Comedy,Sherlock Holmes: A Game of Shadows,321885765,130000000,PG-13,16.965999999999998,3948,6.8
Family,Sherlock Holmes: A Game of Shadows,321885765,130000000,PG-13,16.965999999999998,3948,6.8
Science Fiction,Sherlock Holmes: A Game of Shadows,321885765,130000000,PG-13,16.965999999999998,3948,6.8
Comedy,Gnomeo & Juliet,58785180,40000000,G,16.86,807,6.3
Drama,Gnomeo & Juliet,58785180,40000000,G,16.86,807,6.3
Romance,Gnomeo & Juliet,58785180,40000000,G,16.86,807,6.3
Action,Desire,96188903,28000000,Approved,16.189,7997,7.1
Crime,Desire,96188903,28000000,Approved,16.189,7997,7.1
Action,The Girl with the Dragon Tattoo,278731369,100000000,R,14.925999999999998,3393,6.1
Thriller,The Girl with the Dragon Tattoo,278731369,100000000,R,14.925999999999998,3393,6.1
Romance,The Girl with the Dragon Tattoo,278731369,100000000,R,14.925999999999998,3393,6.1
History,Catarina and the others,0,0,none,113.369,10,5.6
Drama,Catarina and the others,0,0,none,113.369,10,5.6
Fantasy,Rise of the Planet of the Apes,1342000000,125000000,PG-13,31.729,12424,8.1
Adventure,Rise of the Planet of the Apes,1342000000,125000000,PG-13,31.729,12424,8.1
Adventure,The Twilight Saga: Breaking Dawn - Part 1,449326618,150000000,PG-13,30.684,13687,6.7
Fantasy,The Twilight Saga: Breaking Dawn - Part 1,449326618,150000000,PG-13,30.684,13687,6.7
Action,The Twilight Saga: Breaking Dawn - Part 1,449326618,150000000,PG-13,30.684,13687,6.7
Adventure,Captain America: The First Avenger,1045713802,380000000,PG-13,31.715999999999998,9107,6.4
Action,Captain America: The First Avenger,1045713802,380000000,PG-13,31.715999999999998,9107,6.4
Fantasy,Captain America: The First Avenger,1045713802,380000000,PG-13,31.715999999999998,9107,6.4
Drama,Limitless,78054825,15000000,PG-13,25.386999999999997,7269,7.5
Action,Limitless,78054825,15000000,PG-13,25.386999999999997,7269,7.5
Thriller,Limitless,78054825,15000000,PG-13,25.386999999999997,7269,7.5
Crime,Limitless,78054825,15000000,PG-13,25.386999999999997,7269,7.5
Comedy,Mission: Impossible - Ghost Protocol,0,0,PG-13,23.384,24,6.2
Adventure,3-D Sex and Zen: Extreme Ecstasy,334615000,125000000,Not Rated,23.188000000000002,6790,7.1
Action,3-D Sex and Zen: Extreme Ecstasy,334615000,125000000,Not Rated,23.188000000000002,6790,7.1
Crime,3-D Sex and Zen: Extreme Ecstasy,334615000,125000000,Not Rated,23.188000000000002,6790,7.1
Mystery,3-D Sex and Zen: Extreme Ecstasy,334615000,125000000,Not Rated,23.188000000000002,6790,7.1
Animation,Real Steel,189712432,36000000,PG-13,22.761,1186,5.8
Family,Real Steel,189712432,36000000,PG-13,22.761,1186,5.8
Drama,Contagion,0,1344000,PG-13,19.622,194,4.5
Romance,Contagion,0,1344000,PG-13,19.622,194,4.5
Thriller,Carnage,232617430,90000000,R,15.203,4216,7.3
Crime,Carnage,232617430,90000000,R,15.203,4216,7.3
Mystery,Carnage,232617430,90000000,R,15.203,4216,7.3
Drama,Carnage,232617430,90000000,R,15.203,4216,7.3
Drama,The Avengers,0,100,PG-13,21.09,69,4.4
Mystery,The Avengers,0,100,PG-13,21.09,69,4.4
Thriller,Khokababu,482860185,93000000,,20.712,7710,7.2
Action,Khokababu,482860185,93000000,,20.712,7710,7.2
Drama,Khokababu,482860185,93000000,,20.712,7710,7.2
Science Fiction,Khokababu,482860185,93000000,,20.712,7710,7.2
Adventure,Sexual Chronicles of a French Family,712171856,110000000,Not Rated,19.352999999999998,5477,6.0
Fantasy,Sexual Chronicles of a French Family,712171856,110000000,Not Rated,19.352999999999998,5477,6.0
Romance,Sexual Chronicles of a French Family,712171856,110000000,Not Rated,19.352999999999998,5477,6.0
Action,The Dark Knight Rises,370569774,140000000,PG-13,19.908,13742,6.9
Adventure,The Dark Knight Rises,370569774,140000000,PG-13,19.908,13742,6.9
Science Fiction,The Dark Knight Rises,370569774,140000000,PG-13,19.908,13742,6.9
Thriller,The Hobbit: An Unexpected Journey,161849455,27000000,PG-13,15.898,6748,7.1
Mystery,The Hobbit: An Unexpected Journey,161849455,27000000,PG-13,15.898,6748,7.1
Science Fiction,The Hobbit: An Unexpected Journey,161849455,27000000,PG-13,15.898,6748,7.1
Action,Brave,694713380,145000000,PG,18.204,6440,7.0
Thriller,Brave,694713380,145000000,PG,18.204,6440,7.0
Adventure,Brave,694713380,145000000,PG,18.204,6440,7.0
Drama,Prometheus,0,0,R,17.828,37,5.1
Adventure,Prometheus,0,0,R,17.828,37,5.1
Romance,Prometheus,0,0,R,17.828,37,5.1
Action,Django Unchained,299268508,110000000,R,17.816,4864,6.8
Science Fiction,Django Unchained,299268508,110000000,R,17.816,4864,6.8
Drama,Django Unchained,299268508,110000000,R,17.816,4864,6.8
Drama,Skyfall,137551594,60000000,PG-13,17.625999999999998,2269,6.3
Thriller,Skyfall,137551594,60000000,PG-13,17.625999999999998,2269,6.3
Science Fiction,Skyfall,137551594,60000000,PG-13,17.625999999999998,2269,6.3
Comedy,Mirror Mirror,27603069,25000000,PG,17.714000000000002,1599,7.2
Drama,Mirror Mirror,27603069,25000000,PG,17.714000000000002,1599,7.2
Science Fiction,The Bourne Legacy,1519557910,220000000,PG-13,41.86600000000001,20924,7.7
Action,The Bourne Legacy,1519557910,220000000,PG-13,41.86600000000001,20924,7.7
Adventure,The Bourne Legacy,1519557910,220000000,PG-13,41.86600000000001,20924,7.7
Romance,The Amazing Spider-Man,0,0,PG-13,35.783,3,1.5
Comedy,The Amazing Spider-Man,0,0,PG-13,35.783,3,1.5
Comedy,The Lorax,0,0,PG,33.544000000000004,161,4.4
Drama,The Lorax,0,0,PG,33.544000000000004,161,4.4
Action,Wreck-It Ralph,1108561013,200000000,PG,22.449,10887,7.1
Adventure,Wreck-It Ralph,1108561013,200000000,PG,22.449,10887,7.1
Thriller,Wreck-It Ralph,1108561013,200000000,PG,22.449,10887,7.1
Adventure,Total Recall,183018522,85000000,R,21.576,2258,5.8
Comedy,Total Recall,183018522,85000000,R,21.576,2258,5.8
Drama,Total Recall,183018522,85000000,R,21.576,2258,5.8
Family,Total Recall,183018522,85000000,R,21.576,2258,5.8
Fantasy,Total Recall,183018522,85000000,R,21.576,2258,5.8
Action,Battleship,276572938,130000000,PG-13,13.919,3798,6.1
Thriller,Battleship,276572938,130000000,PG-13,13.919,3798,6.1
Action,"Batman: The Dark Knight Returns, Part 1",752215857,215000000,PG-13,21.017,11063,6.5
Adventure,"Batman: The Dark Knight Returns, Part 1",752215857,215000000,PG-13,21.017,11063,6.5
Fantasy,"Batman: The Dark Knight Returns, Part 1",752215857,215000000,PG-13,21.017,11063,6.5
Animation,The Twilight Saga: Breaking Dawn - Part 2,348840316,70000000,PG-13,20.835,1960,6.4
Family,The Twilight Saga: Breaking Dawn - Part 2,348840316,70000000,PG-13,20.835,1960,6.4
Family,Hotel Transylvania,471222889,165000000,PG,22.68,8305,7.3
Animation,Hotel Transylvania,471222889,165000000,PG,22.68,8305,7.3
Comedy,Hotel Transylvania,471222889,165000000,PG,22.68,8305,7.3
Adventure,Hotel Transylvania,471222889,165000000,PG,22.68,8305,7.3
Action,John Carter,198802074,125000000,PG-13,19.526,3669,5.9
Science Fiction,John Carter,198802074,125000000,PG-13,19.526,3669,5.9
Adventure,John Carter,198802074,125000000,PG-13,19.526,3669,5.9
Thriller,John Carter,198802074,125000000,PG-13,19.526,3669,5.9
Thriller,Frozen,303025485,209000000,PG,19.317,3435,5.6
Action,Frozen,303025485,209000000,PG,19.317,3435,5.6
Adventure,Frozen,303025485,209000000,PG,19.317,3435,5.6
Science Fiction,Frozen,303025485,209000000,PG,19.317,3435,5.6
Action,Olympus Has Fallen,0,3500000,R,19.293,780,7.7
Animation,Olympus Has Fallen,0,3500000,R,19.293,780,7.7
Mystery,Olympus Has Fallen,0,3500000,R,19.293,780,7.7
Adventure,Despicable Me 2,829000000,120000000,PG,20.565,5518,6.3
Fantasy,Despicable Me 2,829000000,120000000,PG,20.565,5518,6.3
Drama,Despicable Me 2,829000000,120000000,PG,20.565,5518,6.3
Romance,Despicable Me 2,829000000,120000000,PG,20.565,5518,6.3
Animation,The Wolf of Wall Street,358375603,85000000,R,18.702,5403,6.9
Comedy,The Wolf of Wall Street,358375603,85000000,R,18.702,5403,6.9
Family,The Wolf of Wall Street,358375603,85000000,R,18.702,5403,6.9
Fantasy,The Wolf of Wall Street,358375603,85000000,R,18.702,5403,6.9
Action,Gimme Shelter,284139100,250000000,GP,18.305,3532,6.1
Adventure,Gimme Shelter,284139100,250000000,GP,18.305,3532,6.1
Science Fiction,Gimme Shelter,284139100,250000000,GP,18.305,3532,6.1
Animation,The Purge,1274219009,150000000,R,63.955,10509,7.3
Adventure,The Purge,1274219009,150000000,R,63.955,10509,7.3
Family,The Purge,1274219009,150000000,R,63.955,10509,7.3
Action,Thor: The Dark World,161025640,70000000,PG-13,30.096999999999998,4357,6.3
Thriller,Thor: The Dark World,161025640,70000000,PG-13,30.096999999999998,4357,6.3
Animation,Beautiful Creatures,970761885,76000000,PG-13,29.022,7746,6.9
Comedy,Beautiful Creatures,970761885,76000000,PG-13,29.022,7746,6.9
Family,Beautiful Creatures,970761885,76000000,PG-13,29.022,7746,6.9
Crime,Man of Steel,392000694,100000000,PG-13,28.502,13471,8.0
Drama,Man of Steel,392000694,100000000,PG-13,28.502,13471,8.0
Comedy,Man of Steel,392000694,100000000,PG-13,28.502,13471,8.0
Drama,Monsters University,1359910,7500000,G,26.308000000000003,162,6.7
Science Fiction,The Hobbit: The Desolation of Smaug,89328627,3000000,PG-13,25.641,5230,6.2
Horror,The Hobbit: The Desolation of Smaug,89328627,3000000,PG-13,25.641,5230,6.2
Thriller,The Hobbit: The Desolation of Smaug,89328627,3000000,PG-13,25.641,5230,6.2
Action,Iron Man 3,644571402,170000000,PG-13,25.944000000000003,10909,6.6
Adventure,Iron Man 3,644571402,170000000,PG-13,25.944000000000003,10909,6.6
Fantasy,Iron Man 3,644571402,170000000,PG-13,25.944000000000003,10909,6.6
Fantasy,Now You See Me,60052138,60000000,PG-13,18.632,1945,5.8
Drama,Now You See Me,60052138,60000000,PG-13,18.632,1945,5.8
Romance,Now You See Me,60052138,60000000,PG-13,18.632,1945,5.8
Action,Carrie,668045518,225000000,R,25.201999999999998,10256,6.5
Adventure,Carrie,668045518,225000000,R,25.201999999999998,10256,6.5
Fantasy,Carrie,668045518,225000000,R,25.201999999999998,10256,6.5
Science Fiction,Carrie,668045518,225000000,R,25.201999999999998,10256,6.5
Animation,47 Ronin,743559607,200000000,PG-13,24.287,6793,7.0
Family,47 Ronin,743559607,200000000,PG-13,24.287,6793,7.0
Adventure,Last Vegas,958400000,250000000,PG-13,18.592,8178,7.6
Fantasy,Last Vegas,958400000,250000000,PG-13,18.592,8178,7.6
Action,Last Vegas,958400000,250000000,PG-13,18.592,8178,7.6
Action,The Hunger Games: Catching Fire,1215439994,200000000,PG-13,22.589000000000002,15055,6.9
Adventure,The Hunger Games: Catching Fire,1215439994,200000000,PG-13,22.589000000000002,15055,6.9
Science Fiction,The Hunger Games: Catching Fire,1215439994,200000000,PG-13,22.589000000000002,15055,6.9
Thriller,The Conjuring,117698894,75000000,R,22.906,10514,7.4
Crime,The Conjuring,117698894,75000000,R,22.906,10514,7.4
Drama,A Good Day to Die Hard,82394288,30000000,R,20.724,2851,5.9
Horror,A Good Day to Die Hard,82394288,30000000,R,20.724,2851,5.9
Drama,Her,150962475,175000000,R,20.386,2226,6.0
Action,Her,150962475,175000000,R,20.386,2226,6.0
Adventure,Her,150962475,175000000,R,20.386,2226,6.0
Fantasy,Her,150962475,175000000,R,20.386,2226,6.0
Comedy,John Wick,134402450,28000000,R,17.003,1297,6.4
Adventure,Guardians of the Galaxy,847423452,130000000,PG-13,15.21,11814,7.4
Action,Guardians of the Galaxy,847423452,130000000,PG-13,15.21,11814,7.4
Science Fiction,Guardians of the Galaxy,847423452,130000000,PG-13,15.21,11814,7.4
Horror,Big Hero 6,319494638,13000000,PG,19.717,6425,7.5
Thriller,Big Hero 6,319494638,13000000,PG,19.717,6425,7.5
Action,Maleficent,304654182,92000000,PG,19.614,4583,5.2
Thriller,Maleficent,304654182,92000000,PG,19.614,4583,5.2
Romance,The Hobbit: The Battle of the Five Armies,47351251,23000000,PG-13,19.062,8511,7.9
Science Fiction,The Hobbit: The Battle of the Five Armies,47351251,23000000,PG-13,19.062,8511,7.9
Drama,The Hobbit: The Battle of the Five Armies,47351251,23000000,PG-13,19.062,8511,7.9
Action,The Purge: Anarchy,88761661,20000000,R,58.721000000000004,11199,7.2
Thriller,The Purge: Anarchy,88761661,20000000,R,58.721000000000004,11199,7.2
Action,Whiplash,772776600,170000000,R,50.18600000000001,19175,7.9
Science Fiction,Whiplash,772776600,170000000,R,50.18600000000001,19175,7.9
Adventure,Whiplash,772776600,170000000,R,50.18600000000001,19175,7.9
Adventure,Interstellar,657818612,165000000,PG-13,46.442,10777,7.8
Family,Interstellar,657818612,165000000,PG-13,46.442,10777,7.8
Animation,Interstellar,657818612,165000000,PG-13,46.442,10777,7.8
Action,Interstellar,657818612,165000000,PG-13,46.442,10777,7.8
Comedy,Interstellar,657818612,165000000,PG-13,46.442,10777,7.8
Fantasy,The Hunger Games: Mockingjay - Part 1,758539785,180000000,PG-13,43.177,8922,7.1
Adventure,The Hunger Games: Mockingjay - Part 1,758539785,180000000,PG-13,43.177,8922,7.1
Action,The Hunger Games: Mockingjay - Part 1,758539785,180000000,PG-13,43.177,8922,7.1
Family,The Hunger Games: Mockingjay - Part 1,758539785,180000000,PG-13,43.177,8922,7.1
Romance,The Hunger Games: Mockingjay - Part 1,758539785,180000000,PG-13,43.177,8922,7.1
Action,Fury,956019788,250000000,R,41.393,8947,7.3
Adventure,Fury,956019788,250000000,R,41.393,8947,7.3
Fantasy,Fury,956019788,250000000,R,41.393,8947,7.3
Horror,The Equalizer,111928365,9000000,R,38.854,4040,6.6
Thriller,The Equalizer,111928365,9000000,R,38.854,4040,6.6
Drama,Gone Girl,13092000,3300000,R,31.98,8580,8.4
Music,Gone Girl,13092000,3300000,R,31.98,8580,8.4
Adventure,The Maze Runner,675120017,165000000,PG-13,35.92,20045,8.3
Drama,The Maze Runner,675120017,165000000,PG-13,35.92,20045,8.3
Science Fiction,The Maze Runner,675120017,165000000,PG-13,35.92,20045,8.3
Science Fiction,Birdman,752100229,125000000,TV-G,35.688,10674,6.8
Adventure,Birdman,752100229,125000000,TV-G,35.688,10674,6.8
Thriller,Birdman,752100229,125000000,TV-G,35.688,10674,6.8
War,Dawn of the Planet of the Apes,211817906,68000000,PG-13,37.11,7096,7.4
Drama,Dawn of the Planet of the Apes,211817906,68000000,PG-13,37.11,7096,7.4
Action,Dawn of the Planet of the Apes,211817906,68000000,PG-13,37.11,7096,7.4
Thriller,X-Men: Days of Future Past,192330738,55000000,PG-13,33.071999999999996,5333,7.2
Action,X-Men: Days of Future Past,192330738,55000000,PG-13,33.071999999999996,5333,7.2
Crime,X-Men: Days of Future Past,192330738,55000000,PG-13,33.071999999999996,5333,7.2
Mystery,The Imitation Game,369330363,61000000,PG-13,37.223,11263,7.9
Thriller,The Imitation Game,369330363,61000000,PG-13,37.223,11263,7.9
Drama,The Imitation Game,369330363,61000000,PG-13,37.223,11263,7.9
Action,Night at the Museum: Secret of the Tomb,348300000,34000000,PG,33.525999999999996,11224,7.1
Mystery,Night at the Museum: Secret of the Tomb,348300000,34000000,PG,33.525999999999996,11224,7.1
Science Fiction,Night at the Museum: Secret of the Tomb,348300000,34000000,PG,33.525999999999996,11224,7.1
Thriller,Night at the Museum: Secret of the Tomb,348300000,34000000,PG,33.525999999999996,11224,7.1
Drama,How to Train Your Dragon 2,103215094,18000000,PG,28.531,8336,7.4
Comedy,How to Train Your Dragon 2,103215094,18000000,PG,28.531,8336,7.4
Science Fiction,Teenage Mutant Ninja Turtles,710644566,170000000,PG-13,23.898000000000003,7462,7.3
Action,Teenage Mutant Ninja Turtles,710644566,170000000,PG-13,23.898000000000003,7462,7.3
Drama,Teenage Mutant Ninja Turtles,710644566,170000000,PG-13,23.898000000000003,7462,7.3
Thriller,Teenage Mutant Ninja Turtles,710644566,170000000,PG-13,23.898000000000003,7462,7.3
Action,Terminator Genisys,747862775,250000000,PG-13,28.034000000000002,10641,7.5
Adventure,Terminator Genisys,747862775,250000000,PG-13,28.034000000000002,10641,7.5
Fantasy,Terminator Genisys,747862775,250000000,PG-13,28.034000000000002,10641,7.5
Science Fiction,Terminator Genisys,747862775,250000000,PG-13,28.034000000000002,10641,7.5
History,Handjob Cabin,233555708,14000000,,26.941,11073,8.1
Drama,Handjob Cabin,233555708,14000000,,26.941,11073,8.1
Thriller,Handjob Cabin,233555708,14000000,,26.941,11073,8.1
War,Handjob Cabin,233555708,14000000,,26.941,11073,8.1
Adventure,The Martian,349424282,127000000,PG-13,24.92,3804,6.1
Comedy,The Martian,349424282,127000000,PG-13,24.92,3804,6.1
Fantasy,The Martian,349424282,127000000,PG-13,24.92,3804,6.1
Family,The Martian,349424282,127000000,PG-13,24.92,3804,6.1
Fantasy,Star Wars: The Force Awakens,609123048,145000000,,20.491999999999997,6025,7.7
Action,Star Wars: The Force Awakens,609123048,145000000,,20.491999999999997,6025,7.7
Adventure,Star Wars: The Force Awakens,609123048,145000000,,20.491999999999997,6025,7.7
Animation,Star Wars: The Force Awakens,609123048,145000000,,20.491999999999997,6025,7.7
Comedy,Star Wars: The Force Awakens,609123048,145000000,,20.491999999999997,6025,7.7
Family,Star Wars: The Force Awakens,609123048,145000000,,20.491999999999997,6025,7.7
Science Fiction,Inside Out,477200000,125000000,PG,25.451999999999998,4504,5.8
Action,Inside Out,477200000,125000000,PG,25.451999999999998,4504,5.8
Adventure,Inside Out,477200000,125000000,PG,25.451999999999998,4504,5.8
Fantasy,Inside Out,477200000,125000000,PG,25.451999999999998,4504,5.8
Comedy,Inside Out,477200000,125000000,PG,25.451999999999998,4504,5.8
Science Fiction,Cinderella,440603537,155000000,PG,52.608000000000004,5619,5.9
Action,Cinderella,440603537,155000000,PG,52.608000000000004,5619,5.9
Thriller,Cinderella,440603537,155000000,PG,52.608000000000004,5619,5.9
Adventure,Cinderella,440603537,155000000,PG,52.608000000000004,5619,5.9
Horror,Ant-Man,0,0,PG-13,46.917,1,10.0
Comedy,Ant-Man,0,0,PG-13,46.917,1,10.0
Drama,Avengers: Age of Ultron,630161890,108000000,PG-13,28.965,12898,7.7
Adventure,Avengers: Age of Ultron,630161890,108000000,PG-13,28.965,12898,7.7
Science Fiction,Avengers: Age of Ultron,630161890,108000000,PG-13,28.965,12898,7.7
Action,Self/less,2068223624,245000000,PG-13,35.834,13201,7.4
Adventure,Self/less,2068223624,245000000,PG-13,35.834,13201,7.4
Science Fiction,Self/less,2068223624,245000000,PG-13,35.834,13201,7.4
Fantasy,Self/less,2068223624,245000000,PG-13,35.834,13201,7.4
Drama,Insurgent,857611174,175000000,PG-13,35.617,13615,7.9
Comedy,Insurgent,857611174,175000000,PG-13,35.617,13615,7.9
Animation,Insurgent,857611174,175000000,PG-13,35.617,13615,7.9
Family,Insurgent,857611174,175000000,PG-13,35.617,13615,7.9
Romance,Goosebumps,543514353,95000000,PG,35.071999999999996,4836,6.7
Fantasy,Goosebumps,543514353,95000000,PG,35.071999999999996,4836,6.7
Family,Goosebumps,543514353,95000000,PG,35.071999999999996,4836,6.7
Drama,Goosebumps,543514353,95000000,PG,35.071999999999996,4836,6.7
Science Fiction,San Andreas,519311965,130000000,PG-13,33.766,12849,7.1
Action,San Andreas,519311965,130000000,PG-13,33.766,12849,7.1
Adventure,San Andreas,519311965,130000000,PG-13,33.766,12849,7.1
Action,Tomorrowland,1405403694,280000000,PG,33.3,14539,7.3
Adventure,Tomorrowland,1405403694,280000000,PG,33.3,14539,7.3
Science Fiction,Tomorrowland,1405403694,280000000,PG,33.3,14539,7.3
Science Fiction,Jurassic World,30523226,26000000,PG-13,33.284,1928,6.3
Mystery,Jurassic World,30523226,26000000,PG-13,33.284,1928,6.3
Thriller,Jurassic World,30523226,26000000,PG-13,33.284,1928,6.3
Action,Spectre,295238201,110000000,PG-13,30.108,7104,6.3
Adventure,Spectre,295238201,110000000,PG-13,30.108,7104,6.3
Science Fiction,Spectre,295238201,110000000,PG-13,30.108,7104,6.3
Thriller,Spectre,295238201,110000000,PG-13,30.108,7104,6.3
Adventure,No Escape,158162788,58000000,R,26.831,2361,6.2
Horror,No Escape,158162788,58000000,R,26.831,2361,6.2
Comedy,No Escape,158162788,58000000,R,26.831,2361,6.2
Action,Furious 7,470490832,110000000,PG-13,26.379,5429,6.1
Drama,Furious 7,470490832,110000000,PG-13,26.379,5429,6.1
Thriller,Furious 7,470490832,110000000,PG-13,26.379,5429,6.1
Adventure,Kingsman: The Secret Service,209154322,190000000,R,25.416,4851,6.2
Family,Kingsman: The Secret Service,209154322,190000000,R,25.416,4851,6.2
Mystery,Kingsman: The Secret Service,209154322,190000000,R,25.416,4851,6.2
Science Fiction,Kingsman: The Secret Service,209154322,190000000,R,25.416,4851,6.2
Action,Jupiter Ascending,1671713208,150000000,PG-13,26.004,14697,6.6
Adventure,Jupiter Ascending,1671713208,150000000,PG-13,26.004,14697,6.6
Science Fiction,Jupiter Ascending,1671713208,150000000,PG-13,26.004,14697,6.6
Thriller,Jupiter Ascending,1671713208,150000000,PG-13,26.004,14697,6.6
Action,The Lazarus Effect,880674609,245000000,PG-13,25.925,6992,6.4
Adventure,The Lazarus Effect,880674609,245000000,PG-13,25.925,6992,6.4
Crime,The Lazarus Effect,880674609,245000000,PG-13,25.925,6992,6.4
Action,Captain America: Civil War,54418872,5000000,PG-13,25.319000000000003,1371,6.8
Thriller,Captain America: Civil War,54418872,5000000,PG-13,25.319000000000003,1371,6.8
Action,Doctor Strange,1506249360,190000000,PG-13,29.041,6909,7.3
Crime,Doctor Strange,1506249360,190000000,PG-13,29.041,6909,7.3
Thriller,Doctor Strange,1506249360,190000000,PG-13,29.041,6909,7.3
Crime,Deadpool,414351546,81000000,R,24.246,10922,7.6
Comedy,Deadpool,414351546,81000000,R,24.246,10922,7.6
Action,Deadpool,414351546,81000000,R,24.246,10922,7.6
Adventure,Deadpool,414351546,81000000,R,24.246,10922,7.6
Science Fiction,Zootopia,183987723,176000003,PG,23.09,4646,5.3
Fantasy,Zootopia,183987723,176000003,PG,23.09,4646,5.3
Action,Zootopia,183987723,176000003,PG,23.09,4646,5.3
Adventure,Zootopia,183987723,176000003,PG,23.09,4646,5.3
Thriller,The Salesman,64110728,3300000,PG-13,22.615,883,5.2
Horror,The Salesman,64110728,3300000,PG-13,22.615,883,5.2
Mystery,The Salesman,64110728,3300000,PG-13,22.615,883,5.2
Science Fiction,The Salesman,64110728,3300000,PG-13,22.615,883,5.2
Adventure,X-Men: Apocalypse,1153304495,240000000,PG-13,41.519,14974,7.4
Action,X-Men: Apocalypse,1153304495,240000000,PG-13,41.519,14974,7.4
Science Fiction,X-Men: Apocalypse,1153304495,240000000,PG-13,41.519,14974,7.4
Action,London Has Fallen,677700000,165000000,R,38.376,13623,7.4
Adventure,London Has Fallen,677700000,165000000,R,38.376,13623,7.4
Fantasy,London Has Fallen,677700000,165000000,R,38.376,13623,7.4
Science Fiction,London Has Fallen,677700000,165000000,R,38.376,13623,7.4
Action,Hacksaw Ridge,783100000,58000000,R,37.883,21227,7.6
Adventure,Hacksaw Ridge,783100000,58000000,R,37.883,21227,7.6
Comedy,Hacksaw Ridge,783100000,58000000,R,37.883,21227,7.6
Animation,La La Land,1023784195,150000000,PG-13,42.596000000000004,10645,7.7
Adventure,La La Land,1023784195,150000000,PG-13,42.596000000000004,10645,7.7
Family,La La Land,1023784195,150000000,PG-13,42.596000000000004,10645,7.7
Comedy,La La Land,1023784195,150000000,PG-13,42.596000000000004,10645,7.7
Drama,Rogue One: A Star Wars Story,2216318,0,PG-13,25.173000000000002,431,7.3
Thriller,Rogue One: A Star Wars Story,2216318,0,PG-13,25.173000000000002,431,7.3
Action,The Angry Birds Movie,543934787,178000000,PG,34.65,8815,6.5
Adventure,The Angry Birds Movie,543934787,178000000,PG,34.65,8815,6.5
Science Fiction,The Angry Birds Movie,543934787,178000000,PG,34.65,8815,6.5
Fantasy,The Angry Birds Movie,543934787,178000000,PG,34.65,8815,6.5
Action,Arrival,205754447,60000000,PG-13,29.733,2799,5.9
Thriller,Arrival,205754447,60000000,PG-13,29.733,2799,5.9
Drama,Batman v Superman: Dawn of Justice,175302354,40000000,PG-13,29.261,7118,8.1
History,Batman v Superman: Dawn of Justice,175302354,40000000,PG-13,29.261,7118,8.1
War,Batman v Superman: Dawn of Justice,175302354,40000000,PG-13,29.261,7118,8.1
Drama,Your Name.,203388186,47000000,PG,23.436,11071,7.5
Science Fiction,Your Name.,203388186,47000000,PG,23.436,11071,7.5
Mystery,Your Name.,203388186,47000000,PG,23.436,11071,7.5
Action,Fantastic Beasts and Where to Find Them,873260194,250000000,PG-13,26.401999999999997,12489,5.8
Adventure,Fantastic Beasts and Where to Find Them,873260194,250000000,PG-13,26.401999999999997,12489,5.8
Fantasy,Fantastic Beasts and Where to Find Them,873260194,250000000,PG-13,26.401999999999997,12489,5.8
Romance,Lion,357986087,0,PG-13,26.104,4664,8.5
Animation,Lion,357986087,0,PG-13,26.104,4664,8.5
Drama,Lion,357986087,0,PG-13,26.104,4664,8.5
Adventure,Hidden Figures,809342332,180000000,PG,31.58,12899,7.4
Family,Hidden Figures,809342332,180000000,PG,31.58,12899,7.4
Fantasy,Hidden Figures,809342332,180000000,PG,31.58,12899,7.4
Drama,Boyka: Undisputed IV,140312928,12000000,none,25.81,4173,8.2
Drama,The Jungle Book,230698791,25000000,PG,26.85,5192,8.0
History,The Jungle Book,230698791,25000000,PG,26.85,5192,8.0
Thriller,Ghostbusters,0,0,PG,23.241,509,6.2
Action,Ghostbusters,0,0,PG,23.241,509,6.2
Crime,Ghostbusters,0,0,PG,23.241,509,6.2
Adventure,One Summer Night,966550600,175000000,,23.133000000000003,5560,6.8
Drama,One Summer Night,966550600,175000000,,23.133000000000003,5560,6.8
Family,One Summer Night,966550600,175000000,,23.133000000000003,5560,6.8
Fantasy,One Summer Night,966550600,175000000,,23.133000000000003,5560,6.8
Action,Barbie: Dolphin Magic,229147509,144000000,Not Rated,22.86,4018,5.4
Fantasy,Barbie: Dolphin Magic,229147509,144000000,Not Rated,22.86,4018,5.4
Comedy,Barbie: Dolphin Magic,229147509,144000000,Not Rated,22.86,4018,5.4
Drama,Star Wars: The Last Jedi,0,0,,41.883,1,10.0
Animation,Thor: Ragnarok,0,0,PG-13,48.605,78,6.6
Adventure,Thor: Ragnarok,0,0,PG-13,48.605,78,6.6
Family,Thor: Ragnarok,0,0,PG-13,48.605,78,6.6
Fantasy,Thor: Ragnarok,0,0,PG-13,48.605,78,6.6
Fantasy,Justice League,1332459537,200000000,PG-13,44.422,9229,7.0
Adventure,Justice League,1332459537,200000000,PG-13,44.422,9229,7.0
Science Fiction,Justice League,1332459537,200000000,PG-13,44.422,9229,7.0
Action,Justice League,1332459537,200000000,PG-13,44.422,9229,7.0
Action,Blade Runner 2049,853977126,180000000,R,43.818999999999996,12522,7.5
Adventure,Blade Runner 2049,853977126,180000000,R,43.818999999999996,12522,7.5
Comedy,Blade Runner 2049,853977126,180000000,R,43.818999999999996,12522,7.5
Fantasy,Blade Runner 2049,853977126,180000000,R,43.818999999999996,12522,7.5
Action,Spider-Man: Homecoming,657924295,500000000,PG-13,38.663000000000004,8125,6.2
Adventure,Spider-Man: Homecoming,657924295,500000000,PG-13,38.663000000000004,8125,6.2
Fantasy,Spider-Man: Homecoming,657924295,500000000,PG-13,38.663000000000004,8125,6.2
Science Fiction,Spider-Man: Homecoming,657924295,500000000,PG-13,38.663000000000004,8125,6.2
Science Fiction,John Wick: Chapter 2,259239658,150000000,R,37.866,7330,7.4
Drama,John Wick: Chapter 2,259239658,150000000,R,37.866,7330,7.4
Action,Beauty and the Beast,880166924,175000000,G,39.621,12907,7.4
Adventure,Beauty and the Beast,880166924,175000000,G,39.621,12907,7.4
Science Fiction,Beauty and the Beast,880166924,175000000,G,39.621,12907,7.4
Drama,Beauty and the Beast,880166924,175000000,G,39.621,12907,7.4
Thriller,Guardians of the Galaxy Vol. 2,171539887,40000000,PG-13,34.01,6729,7.1
Action,Guardians of the Galaxy Vol. 2,171539887,40000000,PG-13,34.01,6729,7.1
Crime,Guardians of the Galaxy Vol. 2,171539887,40000000,PG-13,34.01,6729,7.1
Family,War for the Planet of the Apes,1263521126,160000000,PG-13,31.912,11573,6.9
Fantasy,War for the Planet of the Apes,1263521126,160000000,PG-13,31.912,11573,6.9
Romance,War for the Planet of the Apes,1263521126,160000000,PG-13,31.912,11573,6.9
Action,Logan,863756051,200000000,R,31.669,13544,7.7
Adventure,Logan,863756051,200000000,R,31.669,13544,7.7
Comedy,Logan,863756051,200000000,R,31.669,13544,7.7
Science Fiction,Logan,863756051,200000000,R,31.669,13544,7.7
Drama,Split,488533726,150000000,PG-13,30.253,5551,7.0
Science Fiction,Split,488533726,150000000,PG-13,30.253,5551,7.0
War,Split,488533726,150000000,PG-13,30.253,5551,7.0
Action,Wonder Woman,616801808,97000000,PG-13,29.421,13092,7.8
Drama,Wonder Woman,616801808,97000000,PG-13,29.421,13092,7.8
Science Fiction,Wonder Woman,616801808,97000000,PG-13,29.421,13092,7.8
Horror,Coco,278454358,9000000,PG,24.353,11147,7.3
Thriller,Coco,278454358,9000000,PG,24.353,11147,7.3
Action,Alien: Covenant,821847012,149000000,R,31.445999999999998,13406,7.3
Adventure,Alien: Covenant,821847012,149000000,R,31.445999999999998,13406,7.3
Fantasy,Alien: Covenant,821847012,149000000,R,31.445999999999998,13406,7.3
Animation,Valerian and the City of a Thousand Planets,800526015,175000000,PG-13,28.61,9750,8.2
Family,Valerian and the City of a Thousand Planets,800526015,175000000,PG-13,28.61,9750,8.2
Comedy,Valerian and the City of a Thousand Planets,800526015,175000000,PG-13,28.61,9750,8.2
Adventure,Valerian and the City of a Thousand Planets,800526015,175000000,PG-13,28.61,9750,8.2
Fantasy,Valerian and the City of a Thousand Planets,800526015,175000000,PG-13,28.61,9750,8.2
Horror,Kong: Skull Island,232380243,97000000,PG-13,28.212,5264,5.9
Science Fiction,Kong: Skull Island,232380243,97000000,PG-13,28.212,5264,5.9
Thriller,Kong: Skull Island,232380243,97000000,PG-13,28.212,5264,5.9
Adventure,The Fate of the Furious,225874228,177200000,PG-13,25.324,4485,6.6
Science Fiction,The Fate of the Furious,225874228,177200000,PG-13,25.324,4485,6.6
Action,The Fate of the Furious,225874228,177200000,PG-13,25.324,4485,6.6
Action,Baby Driver,566652812,185000000,R,32.472,6479,6.4
Adventure,Baby Driver,566652812,185000000,R,32.472,6479,6.4
Fantasy,Baby Driver,566652812,185000000,R,32.472,6479,6.4
Action,Avengers: Infinity War,1238764765,250000000,PG-13,27.329,6668,6.9
Crime,Avengers: Infinity War,1238764765,250000000,PG-13,27.329,6668,6.9
Thriller,Avengers: Infinity War,1238764765,250000000,PG-13,27.329,6668,6.9
Action,Ralph Breaks the Internet,226945087,34000000,PG,27.289,8933,7.4
Crime,Ralph Breaks the Internet,226945087,34000000,PG,27.289,8933,7.4
Adventure,The Male Gaze: First Kiss,2046239637,300000000,none,82.22200000000001,15815,8.3
Action,The Male Gaze: First Kiss,2046239637,300000000,none,82.22200000000001,15815,8.3
Science Fiction,The Male Gaze: First Kiss,2046239637,300000000,none,82.22200000000001,15815,8.3
Family,Spider-Man: Into the Spider-Verse,529221154,175000000,PG,70.673,3422,7.2
Animation,Spider-Man: Into the Spider-Verse,529221154,175000000,PG,70.673,3422,7.2
Comedy,Spider-Man: Into the Spider-Verse,529221154,175000000,PG,70.673,3422,7.2
Adventure,Spider-Man: Into the Spider-Verse,529221154,175000000,PG,70.673,3422,7.2
Drama,Deadpool 2,0,0,R,51.437,3,3.3
Comedy,Deadpool 2,0,0,R,51.437,3,3.3
Action,Black Panther,375450417,90000000,PG-13,46.17100000000001,5656,8.4
Adventure,Black Panther,375450417,90000000,PG-13,46.17100000000001,5656,8.4
Animation,Black Panther,375450417,90000000,PG-13,46.17100000000001,5656,8.4
Science Fiction,Black Panther,375450417,90000000,PG-13,46.17100000000001,5656,8.4
Comedy,Black Panther,375450417,90000000,PG-13,46.17100000000001,5656,8.4
Action,A Star Is Born,741547413,110000000,R,37.861999999999995,9862,7.5
Comedy,A Star Is Born,741547413,110000000,R,37.861999999999995,9862,7.5
Adventure,A Star Is Born,741547413,110000000,R,37.861999999999995,9862,7.5
Action,Venom,1346739107,200000000,PG-13,37.955,13647,7.4
Adventure,Venom,1346739107,200000000,PG-13,37.955,13647,7.4
Fantasy,Venom,1346739107,200000000,PG-13,37.955,13647,7.4
Science Fiction,Venom,1346739107,200000000,PG-13,37.955,13647,7.4
Drama,Master Z: Ip Man Legacy,433888866,36000000,Not Rated,38.624,6785,7.5
Romance,Master Z: Ip Man Legacy,433888866,36000000,Not Rated,38.624,6785,7.5
Music,Master Z: Ip Man Legacy,433888866,36000000,Not Rated,38.624,6785,7.5
Science Fiction,Bohemian Rhapsody,855013954,116000000,PG-13,34.939,7439,6.6
Action,Bohemian Rhapsody,855013954,116000000,PG-13,34.939,7439,6.6
Action,Aquaman,0,0,PG-13,37.705,194,5.4
Drama,Solo: A Star Wars Story,894027543,52000000,PG-13,34.098,9189,8.0
Music,Solo: A Star Wars Story,894027543,52000000,PG-13,34.098,9189,8.0
Action,Incredibles 2,1143689193,160000000,PG,36.42,7369,6.8
Adventure,Incredibles 2,1143689193,160000000,PG,36.42,7369,6.8
Fantasy,Incredibles 2,1143689193,160000000,PG,36.42,7369,6.8
Comedy,To All the Boys I've Loved Before,0,0,TV-14,34.561,5090,7.9
Romance,To All the Boys I've Loved Before,0,0,TV-14,34.561,5090,7.9
Action,Mission: Impossible - Fallout,791017452,178000000,PG-13,33.508,4322,7.3
Adventure,Mission: Impossible - Fallout,791017452,178000000,PG-13,33.508,4322,7.3
Adventure,Robin Hood,73260114,100000000,PG-13,33.419000000000004,1549,5.8
Action,Robin Hood,73260114,100000000,PG-13,33.419000000000004,1549,5.8
Thriller,Robin Hood,73260114,100000000,PG-13,33.419000000000004,1549,5.8
Adventure,Fantastic Beasts: The Crimes of Grindelwald,653355901,200000000,PG-13,32.974000000000004,5715,6.9
Fantasy,Fantastic Beasts: The Crimes of Grindelwald,653355901,200000000,PG-13,32.974000000000004,5715,6.9
Family,Fantastic Beasts: The Crimes of Grindelwald,653355901,200000000,PG-13,32.974000000000004,5715,6.9
Action,Jurassic World: Fallen Kingdom,1303459585,170000000,PG-13,32.707,6586,6.5
Adventure,Jurassic World: Fallen Kingdom,1303459585,170000000,PG-13,32.707,6586,6.5
Science Fiction,Jurassic World: Fallen Kingdom,1303459585,170000000,PG-13,32.707,6586,6.5
Action,Bumblebee,465895025,135000000,PG-13,31.275,3044,6.5
Adventure,Bumblebee,465895025,135000000,PG-13,31.275,3044,6.5
Science Fiction,Bumblebee,465895025,135000000,PG-13,31.275,3044,6.5
Adventure,Mortal Engines,104236467,100000000,PG-13,31.2,2287,6.1
Fantasy,Mortal Engines,104236467,100000000,PG-13,31.2,2287,6.1
